[ {
		"id":1,
		"name":"苹果",
		"info":"这是最便宜的苹果",
		"price":"3000",
		"img":"https://img14.360buyimg.com/mobilecms/s372x372_jfs/t1/9116/10/12074/157549/5c33fe8cEcfee9851/91edb222493c8d01.jpg!q70.dpg"
	},
	{
		"id":2,
		"name":"苹果",
		"info":"这是最便宜的苹果",
		"price":"3000",
		"img":"https://img14.360buyimg.com/mobilecms/s372x372_jfs/t1/9116/10/12074/157549/5c33fe8cEcfee9851/91edb222493c8d01.jpg!q70.dpg"
	},
	{
		"id":3,
		"name":"苹果",
		"info":"这是最便宜的苹果",
		"price":"3000",
		"img":"https://img14.360buyimg.com/mobilecms/s372x372_jfs/t1/9116/10/12074/157549/5c33fe8cEcfee9851/91edb222493c8d01.jpg!q70.dpg"
	},
	{
		"id":4,
		"name":"苹果",
		"info":"这是最便宜的苹果",
		"price":"3000",
		"img":"https://img14.360buyimg.com/mobilecms/s372x372_jfs/t1/9116/10/12074/157549/5c33fe8cEcfee9851/91edb222493c8d01.jpg!q70.dpg"
	},
	{
		"id":5,
		"name":"苹果",
		"info":"这是最便宜的苹果",
		"price":"3000",
		"img":"https://img14.360buyimg.com/mobilecms/s372x372_jfs/t1/9116/10/12074/157549/5c33fe8cEcfee9851/91edb222493c8d01.jpg!q70.dpg"
	},
	{
		"id":6,
		"name":"苹果",
		"info":"这是最便宜的苹果",
		"price":"3000",
		"img":"https://img14.360buyimg.com/mobilecms/s372x372_jfs/t1/9116/10/12074/157549/5c33fe8cEcfee9851/91edb222493c8d01.jpg!q70.dpg"
	},
	{
		"id":7,
		"name":"苹果",
		"info":"这是最便宜的苹果",
		"price":"3000",
		"img":"https://img14.360buyimg.com/mobilecms/s372x372_jfs/t1/9116/10/12074/157549/5c33fe8cEcfee9851/91edb222493c8d01.jpg!q70.dpg"
	},
	{
		"id":8,
		"name":"苹果",
		"info":"这是最便宜的苹果",
		"price":"3000",
		"img":"https://img14.360buyimg.com/mobilecms/s372x372_jfs/t1/9116/10/12074/157549/5c33fe8cEcfee9851/91edb222493c8d01.jpg!q70.dpg"
	},
	{
		"id":9,
		"name":"苹果",
		"info":"这是最便宜的苹果",
		"price":"3000",
		"img":"https://img14.360buyimg.com/mobilecms/s372x372_jfs/t1/9116/10/12074/157549/5c33fe8cEcfee9851/91edb222493c8d01.jpg!q70.dpg"
	},
	{
		"id":10,
		"name":"苹果",
		"info":"这是最便宜的苹果",
		"price":"3000",
		"img":"https://img14.360buyimg.com/mobilecms/s372x372_jfs/t1/9116/10/12074/157549/5c33fe8cEcfee9851/91edb222493c8d01.jpg!q70.dpg"
	},
	{
		"id":11,
		"name":"苹果",
		"info":"这是最便宜的苹果",
		"price":"3000",
		"img":"https://img14.360buyimg.com/mobilecms/s372x372_jfs/t1/9116/10/12074/157549/5c33fe8cEcfee9851/91edb222493c8d01.jpg!q70.dpg"
	}
]